id;name;data;data_content_type
1;back-end Executive;../fake-data/blob/hipster.png;image/png
2;mobile Corporate;../fake-data/blob/hipster.png;image/png
3;program;../fake-data/blob/hipster.png;image/png
4;object-oriented connect;../fake-data/blob/hipster.png;image/png
5;Multi-layered Computers;../fake-data/blob/hipster.png;image/png
6;District Small Soft Bike;../fake-data/blob/hipster.png;image/png
7;Refined;../fake-data/blob/hipster.png;image/png
8;Handcrafted solid state PNG;../fake-data/blob/hipster.png;image/png
9;Concrete Consultant;../fake-data/blob/hipster.png;image/png
10;National Mountain;../fake-data/blob/hipster.png;image/png
